method,seed,shd,shd_cpdag,f1,bic_per_row,test_loglik,test_neg_js,seconds
true,0,0,0,1.0,-2.2762596010090386,-2.29436162690522,-0.0007965908918398421,4.00003045797348e-07
hc,0,10,10,0.11764705882352941,-2.279774276602478,-2.3019684156331297,-0.0017654069046912392,0.014096699946094304
tabu,0,5,5,0.5,-2.275801492220855,-2.2949149565728812,-0.0012033468392365248,0.021562599984463304
ges,0,2,1,0.7999999999999999,-2.275012930059757,-2.2938292490116425,-0.0009808332015709032,3.427822199999355
rlbayes,0,5,5,0.625,-2.2772275928442918,-2.2955477730555276,-0.0011659308365152493,0.7613443000009283
qlearn,0,5,5,0.625,-2.2783745043825014,-2.300659349463139,-0.001118130447357318,96.86126530001638
true,1,0,0,1.0,-2.2586761624508926,-2.168262296886064,-0.0012040230305322482,6.00004568696022e-07
hc,1,9,7,0.33333333333333326,-2.26426815435238,-2.1688511947286218,-0.0021792662369148432,0.018027300015091896
tabu,1,6,5,0.5882352941176471,-2.2617108300676487,-2.168571061683404,-0.0013281299425661288,0.012332199956290424
ges,1,2,1,0.7999999999999999,-2.2580342941909537,-2.167786218038414,-0.001300104505629231,2.652034500031732
rlbayes,1,2,1,0.7999999999999999,-2.2580342941909537,-2.167786218038414,-0.001300104505629231,0.772786499990616
qlearn,1,9,10,0.33333333333333326,-2.3024271814624067,-2.211237847302627,-0.0012418996813825574,86.05458160000853
true,2,0,0,1.0,-2.226346803705302,-2.258185176374808,-0.0007782016426607629,1.00000761449337e-06
hc,2,5,5,0.5,-2.2265640017291366,-2.2576499541831154,-0.0007858406665083663,0.022840999998152256
tabu,2,5,5,0.5,-2.2265640017291366,-2.2576499541831154,-0.0007858406665083663,0.01580410002497956
ges,2,2,1,0.7999999999999999,-2.225259186676372,-2.2575307604243484,-0.0008253497202678835,2.2296720999875106
rlbayes,2,6,5,0.375,-2.2265640017291366,-2.2576386710747807,-0.0006555308603849697,0.9033430999843404
qlearn,2,10,9,0.33333333333333326,-2.2349715998803434,-2.265096256918687,-0.0007299126316091637,90.78758239996387
true,3,0,0,1.0,-2.2981042119181887,-2.2333326557428883,-0.0011496576419078959,1.200009137392044e-06
hc,3,6,5,0.375,-2.2985783040720627,-2.2309874021763036,-0.001587984024385531,0.018952299957163632
tabu,3,2,1,0.7999999999999999,-2.297250593084701,-2.2329514337012433,-0.0011840367844575513,0.018721200001891702
ges,3,2,1,0.7999999999999999,-2.297250593084701,-2.2329514337012433,-0.0011840367844575513,2.376268499996513
rlbayes,3,9,8,0.4444444444444445,-2.3037107462200903,-2.2351377932192564,-0.001240634262780011,0.6064021000056528
qlearn,3,14,16,0.2105263157894737,-2.33647579715342,-2.259849103029094,-0.001494023498905581,81.71176979999291
true,4,0,0,1.0,-2.260083960523322,-2.234095649275195,-0.00045829906840822,5.00003807246685e-07
hc,4,10,10,0.11111111111111112,-2.262988613014589,-2.2383281044204804,-0.0009180950571600074,0.019079099991358817
tabu,4,6,6,0.47058823529411764,-2.261705727671583,-2.238682385611636,-0.0007185702321536916,0.021758400020189583
ges,4,2,0,0.75,-2.260083960523322,-2.2342044502021765,-0.0005614339081543892,2.5513703000033274
rlbayes,4,4,2,0.625,-2.26044964822388,-2.2433628782678805,-0.000616576675700058,0.9270692999707535
qlearn,4,8,8,0.47058823529411764,-2.286570372196488,-2.26056346457504,-0.0010221553076733064,85.07067770004505
true,5,0,0,1.0,-2.2705022285920236,-2.250862770889303,-0.00043248231476741145,4.00003045797348e-07
hc,5,5,4,0.47058823529411764,-2.271731593950554,-2.25055617174242,-0.0006043949257025688,0.014991400006692857
tabu,5,1,0,0.875,-2.2705022285920236,-2.2508811267413473,-0.0004585571179998747,0.016555000038351864
ges,5,2,0,0.75,-2.2705022285920236,-2.2509021009937684,-0.0004985182972618049,2.4141595999826677
rlbayes,5,6,4,0.47058823529411764,-2.273477690816498,-2.25142538257467,-0.00047409086942661115,0.8310659999842755
qlearn,5,5,7,0.5882352941176471,-2.2992219652470123,-2.280585184663474,-0.0005765376809003174,86.53682320000371
true,6,0,0,1.0,-2.2555860261884892,-2.3243097448789887,-0.0004309015200929502,7.00005330145359e-07
hc,6,6,5,0.5,-2.258133950286725,-2.330560918188101,-0.0005535383049801894,0.013791200006380677
tabu,6,6,5,0.5,-2.258133950286725,-2.330560918188101,-0.0005535383049801894,0.008250700018834323
ges,6,2,1,0.7999999999999999,-2.2549292085808466,-2.3298661067563344,-0.0003580966175366464,2.105457200028468
rlbayes,6,2,1,0.7999999999999999,-2.254929208580846,-2.3298593719348544,-0.0005869335767187432,0.987996399984695
qlearn,6,7,11,0.4444444444444445,-2.279077525150588,-2.353017128978361,-0.0008268223015090664,93.07225199998356
true,7,0,0,1.0,-2.2265069149017664,-2.3106115786439436,-0.0009422250827044687,4.00003045797348e-07
hc,7,5,5,0.5,-2.227166810762069,-2.3094613752065962,-0.0026179436872222454,0.013437700050417334
tabu,7,5,5,0.5,-2.227166810762069,-2.3094613752065962,-0.0026179436872222454,0.013360400043893605
ges,7,2,1,0.7999999999999999,-2.225865676348638,-2.3093540608868035,-0.0010590443412622193,3.2225688999751583
rlbayes,7,11,11,0.22222222222222224,-2.2318194478138733,-2.312754961796085,-0.001762990818484943,0.8864712999784388
qlearn,7,7,8,0.5,-2.250807410036964,-2.3401683105521767,-0.0018962220366377325,89.79257950000465
true,8,0,0,1.0,-2.249350836551419,-2.179350932460666,-0.0005580514634645361,7.00005330145359e-07
hc,8,2,1,0.7999999999999999,-2.2487484402897153,-2.1786784170675886,-0.000479173069608452,0.009502500004600734
tabu,8,2,1,0.7999999999999999,-2.2487484402897153,-2.1786784170675886,-0.000479173069608452,0.008052799967117608
ges,8,2,1,0.7999999999999999,-2.2487484402897153,-2.178672809611367,-0.0005587140186836203,2.4837255000020377
rlbayes,8,5,4,0.625,-2.2513116495456016,-2.1781212789946145,-0.0005740001692400605,0.8072914999793284
qlearn,8,16,16,0.0,-2.356943568220839,-2.2874675550616033,-0.0011629423918524313,82.4457345000119
true,9,0,0,1.0,-2.2844430657614683,-2.239444149064058,-0.000633754085073823,3.00002284348011e-07
hc,9,0,0,1.0,-2.2844430657614683,-2.239444149064058,-0.000633754085073823,0.008710800029803067
tabu,9,0,0,1.0,-2.2844430657614683,-2.239444149064058,-0.000633754085073823,0.0076902000000700355
ges,9,2,0,0.75,-2.284443065761469,-2.2393293277927504,-0.0007173501348282113,2.5724571000318974
rlbayes,9,1,0,0.875,-2.2844430657614683,-2.239504233950067,-0.000693205716944659,0.8943188000121154
qlearn,9,11,13,0.2105263157894737,-2.375339765321986,-2.3230647134974927,-0.0016729958755216298,90.27312640001765
